{"accuracy": [0.5885055661201477, 0.861640214920044, 0.912682294845581, 0.9407781362533569, 0.9550465941429138, 0.9656874537467957, 0.971278190612793, 0.9755743741989136, 0.9800696969032288, 0.980553388595581], "loss": [1.408467411994934, 0.442762553691864, 0.2641600966453552, 0.18067654967308044, 0.13823164999485016, 0.10583790391683578, 0.08845214545726776, 0.07551638782024384, 0.061662472784519196, 0.06097622588276863], "val_accuracy": [0.8217049837112427, 0.9045071601867676, 0.9355793595314026, 0.941611647605896, 0.9494650363922119, 0.9484407305717468, 0.9597655534744263, 0.9621556997299194, 0.9511154294013977, 0.9666514992713928], "val_loss": [0.5767267942428589, 0.29622602462768555, 0.1970444768667221, 0.17881865799427032, 0.16090886294841766, 0.1676749736070633, 0.12597404420375824, 0.11811494827270508, 0.17654435336589813, 0.115693598985672]}